dataset,split,path,rows,spectral_features,target_column,bytes,sha256,availability,preparation_script,hash_basis
1-Wheat_kernels_protein,test,datasets/1-Wheat_kernels_protein/data_test.csv,108,100,protein,202531,93b13c72113c71f938019be9ce7aeeb64b44f5e119eca28e5454627df96b7689,included,,distributed_file
1-Wheat_kernels_protein,train,datasets/1-Wheat_kernels_protein/data_train.csv,415,100,protein,776690,4742858ae617ffff7ce58098f65117898cf21afe96514a237fe5344a71c03bd7,included,,distributed_file
2-Wheat_flours_protein,test,datasets/2-Wheat_flours_protein/data_test.csv,28,525,PROTREF,104002,1eb9e4fb3f2e6a32c4cfd4714cc1edde75b9ab6e1abbd0b1dc5781c95c9ba3d9,included,,distributed_file
2-Wheat_flours_protein,train,datasets/2-Wheat_flours_protein/data_train.csv,112,525,PROTREF,408672,c4a80a15d2dbe3da6af0cdb40ac7c48185b7d145e07b0f46189ecbbdcd9ba828,included,,distributed_file
3-Tecator_moisture,test,datasets/3-Tecator_moisture/data_test.csv,43,100,Moisture,34781,f43c79df8d8e4bc97a737752399502699ac8c3f5d42ae1f170ad93cf74d3d63a,included,,distributed_file
3-Tecator_moisture,train,datasets/3-Tecator_moisture/data_train.csv,172,100,Moisture,137683,266ce2451a3afb2ffa2706951de2264f14924d239bbca99ad6de657b30f50411,included,,distributed_file
4-CGL_NIR_grain_glucose,test,datasets/4-CGL_NIR_grain_glucose/data_test.csv,78,117,Glucose (wt %) ,178892,59c3bedc8eaf71d442a18797325074c20d3729c4cd035513b76b57703ea057a4,download_required,datasets/4-CGL_NIR_grain_glucose/data_split.py,reconstructed_export
4-CGL_NIR_grain_glucose,train,datasets/4-CGL_NIR_grain_glucose/data_train.csv,153,117,Glucose (wt %) ,349517,8fff2906f0f1d4b3eb83c32fc6025e0d146577e2598d279032172ba0ed65763d,download_required,datasets/4-CGL_NIR_grain_glucose/data_split.py,reconstructed_export
5-Cucurbitaceae_fruit_ssc,test,datasets/5-Cucurbitaceae_fruit_ssc/data_test.csv,100,229,SSC (%),301198,b80a35b1087f391572621be6a904d16603b3d676b69a28a7982d28973224399f,included,,distributed_file
5-Cucurbitaceae_fruit_ssc,train,datasets/5-Cucurbitaceae_fruit_ssc/data_train.csv,200,229,SSC (%),599890,6c74ddbe1f7e898fbbdb6c62564d981ac99557895bc0ae636ae9b4e6fb1e7539,included,,distributed_file
6-NIR_tomato1_ssc,test,datasets/6-NIR_tomato1_ssc/data_test.csv,42,174,SSC (ºBrix),96621,9a2244a1d70ba4e710f09e459ca887032d0148072ea8b1eeee7b1e4164495fc8,included,,distributed_file
6-NIR_tomato1_ssc,train,datasets/6-NIR_tomato1_ssc/data_train.csv,126,174,SSC (ºBrix),285754,2109a924627429bc2839fbd6d58d717d49b595e07dc338de527e46a55027377f,included,,distributed_file
7-NIR_tomato2_ssc,test,datasets/7-NIR_tomato2_ssc/data_test.csv,45,174,SSC (ºBrix),103397,bc05e92a2481c57e1a85b3155956b30d34be5f8356ff2845933d49b7ebd0e797,included,,distributed_file
7-NIR_tomato2_ssc,train,datasets/7-NIR_tomato2_ssc/data_train.csv,135,174,SSC (ºBrix),305954,0a66c3ad7660f8e6b3c5df84f074f0b96ce23fd3906b0bf73afb41b24e01b558,included,,distributed_file
8-NIR_tomato3_ssc,test,datasets/8-NIR_tomato3_ssc/data_test.csv,26,174,SSC (ºBrix),60824,c5d48d122aa93f24f757e195c0dbbe733a6634e6f882f2b09d85a154a98eea13,included,,distributed_file
8-NIR_tomato3_ssc,train,datasets/8-NIR_tomato3_ssc/data_train.csv,80,174,SSC (ºBrix),182799,d0cbe990103281ff6a5b09de47caedc8ca1e9c302d59f24ac611679f4e016e4c,included,,distributed_file
9-NIR_tomato4_ssc,test,datasets/9-NIR_tomato4_ssc/data_test.csv,27,174,SSC (ºBrix),62927,f015b91f2d29044c5d298884a7cd52e59ca87a68633b2d40f1db9f6b0cc8a358,included,,distributed_file
9-NIR_tomato4_ssc,train,datasets/9-NIR_tomato4_ssc/data_train.csv,81,174,SSC (ºBrix),184553,2e205a320e4347843fda0074340461e1c86570044a8ef8f4b6267d7c1d174103,included,,distributed_file
10-NIR_tomato5_ssc,test,datasets/10-NIR_tomato5_ssc/data_test.csv,22,174,SSC (ºBrix),51583,6d740e012de322b2e79f4885c3300d6dc7fe92186c10498a21847b2befb10ed7,included,,distributed_file
10-NIR_tomato5_ssc,train,datasets/10-NIR_tomato5_ssc/data_train.csv,66,174,SSC (ºBrix),150635,a866497edbaac6025f30d477367ad66eb8fb58dbb1f167f2abbe4490a47a22cf,included,,distributed_file
11-Olive_oils_c16,test,datasets/11-Olive_oils_c16/data_test.csv,38,612,C16:0,210423,71e4b4d578d50646a92ed304c6cafccbdc7e7fd19d26bb8bebf18de49f2c6a6c,included,,distributed_file
11-Olive_oils_c16,train,datasets/11-Olive_oils_c16/data_train.csv,149,612,C16:0,816321,f3b6302232070f0b80ee9da04d26e37c905d8d6854d4681d7f02a31db1a0f416,included,,distributed_file
12-NIR_DieselFuels_cn,test,datasets/12-NIR_DieselFuels_cn/data_test.csv,83,401,CN,296323,b15b4bbec82b8ec91c0ce301275cc5cfa6d46f689a39731f106a2c675fecc25d,download_required,datasets/12-NIR_DieselFuels_cn/data_split.py,reconstructed_export
12-NIR_DieselFuels_cn,train,datasets/12-NIR_DieselFuels_cn/data_train.csv,298,401,CN,1059118,182e00a03b17a548c78f5f45ffd9825a1d66cadedd1be71f31fee6bc9a514e75,download_required,datasets/12-NIR_DieselFuels_cn/data_split.py,reconstructed_export
13-NIR_milk_protein,test,datasets/13-NIR_milk_protein/data_test.csv,261,256,Prot,798678,15f7eb4b7910b93f2d19fe51a8c21478659f3e3cc1b002a13223ad23676a2a4d,included,,distributed_file
13-NIR_milk_protein,train,datasets/13-NIR_milk_protein/data_train.csv,963,256,Prot,2942234,5d4eed356a305bcfd8a9a82b67bd61d3aeddf46c481775607f1e6bc5bcb4e167,included,,distributed_file
14-NIR_Pharmaceutical_Tablets_assay,test,datasets/14-NIR_Pharmaceutical_Tablets_assay/data_test.csv,40,650,assay,234620,d5e34dfaf2b333c470c31a56bcc74a7b963207ba839f37cc1bf785ac27d80107,download_required,datasets/14-NIR_Pharmaceutical_Tablets_assay/data_split.py,reconstructed_export
14-NIR_Pharmaceutical_Tablets_assay,train,datasets/14-NIR_Pharmaceutical_Tablets_assay/data_train.csv,615,650,assay,3563455,dd029eda27d0dbbd51b6b273379a0fc0c9138cd6fc2791f20aaed7902029c705,download_required,datasets/14-NIR_Pharmaceutical_Tablets_assay/data_split.py,reconstructed_export
15-CEOT_pear_2021_brix,test,datasets/15-CEOT_pear_2021_brix/data_test.csv,804,874,brix,4188290,e54c4aabda2bf35d15488237b0bb4cb9bcb4b3dbe5686e8827e754eb317fcda9,included,,distributed_file
15-CEOT_pear_2021_brix,train,datasets/15-CEOT_pear_2021_brix/data_train.csv,3204,874,brix,16672001,8eafe66069ed909fcf2d764eac733e328f17b8343d6983748dda6b08fb81353c,included,,distributed_file
16-CEOT_pears_2019_brix,test,datasets/16-CEOT_pears_2019_brix/data_test.csv,660,875,brix,10711236,6ece294571b84402b148cd883f10d9e45654280a0aed0f0176b2c9b42a503c37,included,,distributed_file
16-CEOT_pears_2019_brix,train,datasets/16-CEOT_pears_2019_brix/data_train.csv,2640,875,brix,42842880,85a94a54fff5aefb943f1209b35859a00dc3efed47ad411336f99d75291e3969,included,,distributed_file
17-Barley_sensAIfood_Perten_moisture,test,datasets/17-Barley_sensAIfood_Perten_moisture/data_test.csv,30,141,Moisture,51851,e1967c4345ce4ec5ae622ccfb37b7e1a054c0d7448a1f96dbba8f0521f9ad24b,included,,distributed_file
17-Barley_sensAIfood_Perten_moisture,train,datasets/17-Barley_sensAIfood_Perten_moisture/data_train.csv,120,141,Moisture,204875,6a08d2ea4c1e07192c33393fe9ce655e2208ad3c39ac5e0f16f15f5fdf473ece,included,,distributed_file
18-Barley_sensAIfood_Perten_protein,test,datasets/18-Barley_sensAIfood_Perten_protein/data_test.csv,30,141,Protein,51866,d094a6d3dd8250c6226b64aff7ae38e963aec13dcc52c270dc8a3e3dc91fa7e7,included,,distributed_file
18-Barley_sensAIfood_Perten_protein,train,datasets/18-Barley_sensAIfood_Perten_protein/data_train.csv,120,141,Protein,204901,8fd7f9266c09164f9996e9456a34da7ff3dc4cbd4a1cc5ca494b0ba7b633cdb7,included,,distributed_file
19-Wheat_sensAIfood_Grainit_moisture,test,datasets/19-Wheat_sensAIfood_Grainit_moisture/data_test.csv,80,351,Moisture,308224,9daa1b36a2e04777494fbe89522ee4434adf88625f1f86e1f995af6881e467b3,included,,distributed_file
19-Wheat_sensAIfood_Grainit_moisture,train,datasets/19-Wheat_sensAIfood_Grainit_moisture/data_train.csv,318,351,Moisture,1220619,9c8e1ba8a830f78733fbdb85e49eb8b24f9cb6431ce80151ab002461eee5e0fc,included,,distributed_file
20-Wheat_sensAIfood_Grainit_protein,test,datasets/20-Wheat_sensAIfood_Grainit_protein/data_test.csv,80,351,Protein,308222,ef5c4979e248fb815efee6793bf6e1bb6e5b7cd3c07019fac65abcdcfab7ffca,included,,distributed_file
20-Wheat_sensAIfood_Grainit_protein,train,datasets/20-Wheat_sensAIfood_Grainit_protein/data_train.csv,323,351,Protein,1239807,37b6d1bbbe8c8246a4df97b5efe26dfd6980f19e6392e727cecea55836c6effe,included,,distributed_file
21-CEOT_pear_2021_snv_brix,test,datasets/21-CEOT_pear_2021_snv_brix/data_test.csv,804,459,brix,7288431,9d7d0fdffae985d4736c66599186e4df31a81f178097c316e46ee36ba12d1b48,included,,distributed_file
21-CEOT_pear_2021_snv_brix,train,datasets/21-CEOT_pear_2021_snv_brix/data_train.csv,3204,459,brix,29030946,eccacd769bc09b665a82ea253ff60a0a9114a5589565ba9c6c033ed0038f5ea4,included,,distributed_file
22-Mango_S1_dm,test,datasets/22-Mango_S1_dm/data_test.csv,782,101,DM,869213,36c7cdc5be957f97230758115fe3b289af26b09ab519f3c9b58ee550e431a20d,included,,distributed_file
22-Mango_S1_dm,train,datasets/22-Mango_S1_dm/data_train.csv,3132,101,DM,3479580,c0ee6022a7cab6acaf1e54708e930d432d3f337e774a919a0eb65caab5264080,included,,distributed_file
23-Mango_S2_dm,test,datasets/23-Mango_S2_dm/data_test.csv,277,101,DM,307647,86f18b6e856aa89c37ebb2303f9e6f03b4157d132c6af49e020a3fa86885f68f,included,,distributed_file
23-Mango_S2_dm,train,datasets/23-Mango_S2_dm/data_train.csv,1086,101,DM,1204381,db3a12163bc43ee5faf7b816b0957fe69c5f6c279f7759230c1f378721bbcc87,included,,distributed_file
24-Mango_S3_dm,test,datasets/24-Mango_S3_dm/data_test.csv,1002,101,DM,1111315,71398ce043991920f8d5328abb03fae3e1a59a1b90656702ada88a1abb16474b,included,,distributed_file
24-Mango_S3_dm,train,datasets/24-Mango_S3_dm/data_train.csv,3964,101,DM,4395138,9b2d487dd4ac3ebccb29049e0c97b1d309a74173e344e826f9704e77bd3d4771,included,,distributed_file
25-Mango_S4_dm,test,datasets/25-Mango_S4_dm/data_test.csv,290,101,DM,322855,b27658e066c790841ab9499e69564fb17fbc91f370b16f25b5d9b3576bffee7f,included,,distributed_file
25-Mango_S4_dm,train,datasets/25-Mango_S4_dm/data_train.csv,1158,101,DM,1287826,0a558b47430ac3205d6ae55facef1ae10f22bcd95634e2d673966f657372d06b,included,,distributed_file
26-Corn_sensAIfood_Perten_moisture,test,datasets/26-Corn_sensAIfood_Perten_moisture/data_test.csv,30,141,Moisture,51676,03aa6ad87618d108ec04c15dfefda0b246cd4f4df5a15fccf10cb5b667da787b,included,,distributed_file
26-Corn_sensAIfood_Perten_moisture,train,datasets/26-Corn_sensAIfood_Perten_moisture/data_train.csv,120,141,Moisture,204799,16857cefa5e73b3a53628e34510afc719fcc4d0398a23e1826c7766f5cf4ed42,included,,distributed_file
27-Corn_sensAIfood_Perten_protein,test,datasets/27-Corn_sensAIfood_Perten_protein/data_test.csv,30,141,Protein,51670,fd298d0617a61c26fe08ab52bb82acbb479231f0b14a17ee9d3bced7d6529636,included,,distributed_file
27-Corn_sensAIfood_Perten_protein,train,datasets/27-Corn_sensAIfood_Perten_protein/data_train.csv,120,141,Protein,204794,7635b5a491ccceb096e4599d331abe871d35fa1c8766f95dce3687ff0845f447,included,,distributed_file
28-Wheat_sensAIfood_Perten_moisture,test,datasets/28-Wheat_sensAIfood_Perten_moisture/data_test.csv,30,141,Moisture,51779,0e23c3211370ee02356f2b3f2d2e3827b797553d3cbdd9ec8cb3ee4946cba56f,included,,distributed_file
28-Wheat_sensAIfood_Perten_moisture,train,datasets/28-Wheat_sensAIfood_Perten_moisture/data_train.csv,120,141,Moisture,205205,d978132836c7aeb6dce8f057bb5915d86fdb2937e7a0db2545aba8954661937d,included,,distributed_file
29-Wheat_sensAIfood_Perten_protein,test,datasets/29-Wheat_sensAIfood_Perten_protein/data_test.csv,30,141,Protein,51777,8d104d3b8e14f9aacb4e154d4d81abf9a2a13920f443348405cb41a2029d069b,included,,distributed_file
29-Wheat_sensAIfood_Perten_protein,train,datasets/29-Wheat_sensAIfood_Perten_protein/data_train.csv,120,141,Protein,205267,71cb1fb17496ef0235e0629e4c8121013f23262cd0bd22c0a87dca8efddf11a7,included,,distributed_file
30-Wheat_sensAIfood_CRAW_protein,test,datasets/30-Wheat_sensAIfood_CRAW_protein/data_test.csv,1010,700,Protein,6931953,3e1fca616e9a872257d38b89eba26996f494282fca57cd490d294c7582be2983,included,,distributed_file
30-Wheat_sensAIfood_CRAW_protein,train,datasets/30-Wheat_sensAIfood_CRAW_protein/data_train.csv,4036,700,Protein,27690582,92b8e14e298f88d238237e1b6b56aa2475f79a5ddc1a69dda49fb0b2dc83f5cd,included,,distributed_file
